index,token,count,tag,frequency,neg,neu,pos,compound
64,complet,1,NN,0.0011273957158962795,0.0,1.0,0.0,0.0
873,research,1,NN,0.0011273957158962795,0.0,1.0,0.0,0.0
215,detail,2,NN,0.002254791431792559,0.0,1.0,0.0,0.0
47,object,7,VBP,0.007891770011273957,0.0,1.0,0.0,0.0
564,practic,1,JJ,0.0011273957158962795,0.0,1.0,0.0,0.0
867,expect,1,VB,0.0011273957158962795,0.0,1.0,0.0,0.0
366,human,1,JJ,0.0011273957158962795,0.0,1.0,0.0,0.0
701,literatur,1,NN,0.0011273957158962795,0.0,1.0,0.0,0.0
323,major,1,JJ,0.0011273957158962795,0.0,1.0,0.0,0.0
375,follow,2,VB,0.002254791431792559,0.0,1.0,0.0,0.0
581,coher,1,NN,0.0011273957158962795,0.0,1.0,0.0,0.0
685,environ,1,NN,0.0011273957158962795,0.0,1.0,0.0,0.0
557,short,1,JJ,0.0011273957158962795,0.0,1.0,0.0,0.0
61,million,8,CD,0.009019165727170236,0.0,1.0,0.0,0.0
560,variat,3,NN,0.0033821871476888386,0.0,1.0,0.0,0.0
170,whole,8,JJ,0.009019165727170236,0.0,1.0,0.0,0.0
480,even,1,RB,0.0011273957158962795,0.0,1.0,0.0,0.0
266,motion,7,NN,0.007891770011273957,0.0,1.0,0.0,0.0
213,halo,1,NN,0.0011273957158962795,0.0,1.0,0.0,0.0
404,apolog,2,NN,0.002254791431792559,0.0,1.0,0.0,0.0
544,period,2,NN,0.002254791431792559,0.0,1.0,0.0,0.0
17,bar,1,NN,0.0011273957158962795,0.0,1.0,0.0,0.0
241,place,1,NN,0.0011273957158962795,0.0,1.0,0.0,0.0
382,determin,1,NN,0.0011273957158962795,0.0,1.0,0.0,0.0
842,billion,1,CD,0.0011273957158962795,0.0,1.0,0.0,0.0
94,zoom,1,NN,0.0011273957158962795,0.0,1.0,0.0,0.0
520,slightli,1,NN,0.0011273957158962795,0.0,1.0,0.0,0.0
684,climat,2,VB,0.002254791431792559,0.0,1.0,0.0,0.0
862,acceler,1,JJ,0.0011273957158962795,0.0,1.0,0.0,0.0
596,ago,2,RB,0.002254791431792559,0.0,1.0,0.0,0.0
362,make,2,VBP,0.002254791431792559,0.0,1.0,0.0,0.0
446,abl,1,NN,0.0011273957158962795,0.0,1.0,0.0,0.0
492,difficult,1,JJ,0.0011273957158962795,1.0,0.0,0.0,-0.3612
452,could,3,MD,0.0033821871476888386,0.0,1.0,0.0,0.0
116,solar,3,JJ,0.0033821871476888386,0.0,1.0,0.0,0.0
454,slowli,2,VB,0.002254791431792559,0.0,1.0,0.0,0.0
442,attent,1,NN,0.0011273957158962795,0.0,1.0,0.0,0.0
598,smaller,1,JJR,0.0011273957158962795,0.0,1.0,0.0,0.0
475,earth,14,NN,0.015783540022547914,0.0,1.0,0.0,0.0
479,centuri,1,VBD,0.0011273957158962795,0.0,1.0,0.0,0.0
618,increas,3,JJ,0.0033821871476888386,0.0,1.0,0.0,0.0
56,approxim,2,VBP,0.002254791431792559,0.0,1.0,0.0,0.0
441,bring,1,NN,0.0011273957158962795,0.0,1.0,0.0,0.0
259,gravit,8,NN,0.009019165727170236,0.0,1.0,0.0,0.0
273,chang,17,NN,0.019165727170236752,0.0,1.0,0.0,0.0
570,gotten,1,VBP,0.0011273957158962795,0.0,1.0,0.0,0.0
563,neglig,1,JJ,0.0011273957158962795,0.0,1.0,0.0,0.0
603,today,1,NN,0.0011273957158962795,0.0,1.0,0.0,0.0
373,tool,1,NN,0.0011273957158962795,0.0,1.0,0.0,0.0
436,form,1,NN,0.0011273957158962795,0.0,1.0,0.0,0.0
546,typic,2,JJ,0.002254791431792559,0.0,1.0,0.0,0.0
841,13.8,1,CD,0.0011273957158962795,0.0,1.0,0.0,0.0
586,closest,1,JJS,0.0011273957158962795,0.0,1.0,0.0,0.0
20,central,1,JJ,0.0011273957158962795,0.0,1.0,0.0,0.0
526,ellipt,1,NN,0.0011273957158962795,0.0,1.0,0.0,0.0
813,hubbl,2,NN,0.002254791431792559,0.0,1.0,0.0,0.0
312,long,3,RB,0.0033821871476888386,0.0,1.0,0.0,0.0
4,black,12,JJ,0.013528748590755355,0.0,1.0,0.0,0.0
18,spiral,4,JJ,0.004509582863585118,0.0,1.0,0.0,0.0
22,disk,2,NN,0.002254791431792559,0.0,1.0,0.0,0.0
621,phenomenon,1,NN,0.0011273957158962795,0.0,1.0,0.0,0.0
823,relationship,1,NN,0.0011273957158962795,0.0,1.0,0.0,0.0
372,lack,1,JJ,0.0011273957158962795,1.0,0.0,0.0,-0.3182
584,exampl,1,JJ,0.0011273957158962795,0.0,1.0,0.0,0.0
57,220,1,CD,0.0011273957158962795,0.0,1.0,0.0,0.0
833,theori,1,JJ,0.0011273957158962795,0.0,1.0,0.0,0.0
574,im,2,NN,0.002254791431792559,0.0,1.0,0.0,0.0
694,long-term,1,JJ,0.0011273957158962795,0.0,1.0,0.0,0.0
141,agenc,1,IN,0.0011273957158962795,0.0,1.0,0.0,0.0
46,star,5,NN,0.005636978579481398,0.0,1.0,0.0,0.0
87,allow,2,IN,0.002254791431792559,0.0,0.0,1.0,0.2263
407,previou,3,JJ,0.0033821871476888386,0.0,1.0,0.0,0.0
2,around,15,IN,0.016910935738444193,0.0,1.0,0.0,0.0
571,closer,1,JJR,0.0011273957158962795,0.0,1.0,0.0,0.0
829,explan,1,JJ,0.0011273957158962795,0.0,1.0,0.0,0.0
257,equilibrium,2,NN,0.002254791431792559,0.0,1.0,0.0,0.0
147,map,1,NNS,0.0011273957158962795,0.0,1.0,0.0,0.0
318,experi,1,VB,0.0011273957158962795,0.0,1.0,0.0,0.0
62,year,8,NN,0.009019165727170236,0.0,1.0,0.0,0.0
864,rather,1,RB,0.0011273957158962795,0.0,1.0,0.0,0.0
327,think,1,NN,0.0011273957158962795,0.0,1.0,0.0,0.0
242,univers,11,NNS,0.012401352874859075,0.0,1.0,0.0,0.0
67,websit,5,NN,0.005636978579481398,0.0,1.0,0.0,0.0
810,discov,1,JJ,0.0011273957158962795,0.0,1.0,0.0,0.0
838,dens,1,NNS,0.0011273957158962795,0.0,1.0,0.0,0.0
217,complex,1,JJ,0.0011273957158962795,0.0,1.0,0.0,0.0
872,activ,1,JJ,0.0011273957158962795,0.0,1.0,0.0,0.0
330,mistak,1,NN,0.0011273957158962795,0.0,1.0,0.0,0.0
476,distanc,13,NN,0.014656144306651634,0.0,1.0,0.0,0.0
68,visual,3,JJ,0.0033821871476888386,0.0,1.0,0.0,0.0
1,spin,6,NN,0.006764374295377677,0.0,1.0,0.0,0.0
245,expand,14,NN,0.015783540022547914,0.0,0.0,1.0,0.3182
269,howev,5,NN,0.005636978579481398,0.0,1.0,0.0,0.0
315,format,1,NN,0.0011273957158962795,0.0,1.0,0.0,0.0
14,milki,33,NN,0.03720405862457723,0.0,1.0,0.0,0.0
783,observ,3,MD,0.0033821871476888386,0.0,1.0,0.0,0.0
126,rel,7,JJ,0.007891770011273957,0.0,1.0,0.0,0.0
24,arm,1,NN,0.0011273957158962795,0.0,1.0,0.0,0.0
258,mean,4,NN,0.004509582863585118,0.0,1.0,0.0,0.0
90,model,2,NN,0.002254791431792559,0.0,1.0,0.0,0.0
111,eye,1,NN,0.0011273957158962795,0.0,1.0,0.0,0.0
277,born,2,VBN,0.002254791431792559,0.0,1.0,0.0,0.0
21,bulg,2,NN,0.002254791431792559,0.0,1.0,0.0,0.0
229,import,2,NN,0.002254791431792559,0.0,1.0,0.0,0.0
464,reason,1,NN,0.0011273957158962795,0.0,1.0,0.0,0.0
231,shape,5,NN,0.005636978579481398,0.0,1.0,0.0,0.0
812,edwin,1,NN,0.0011273957158962795,0.0,1.0,0.0,0.0
616,trend,2,NN,0.002254791431792559,0.0,1.0,0.0,0.0
305,thought,1,VBD,0.0011273957158962795,0.0,1.0,0.0,0.0
179,contain,2,NN,0.002254791431792559,0.0,1.0,0.0,0.0
15,way,35,NN,0.03945885005636979,0.0,1.0,0.0,0.0
236,studi,2,NN,0.002254791431792559,0.0,1.0,0.0,0.0
33,sagittariu,3,NN,0.0033821871476888386,0.0,1.0,0.0,0.0
255,state,4,NN,0.004509582863585118,0.0,1.0,0.0,0.0
780,revis,1,VBZ,0.0011273957158962795,0.0,1.0,0.0,0.0
341,answer,2,JJR,0.002254791431792559,0.0,1.0,0.0,0.0
265,net,2,JJ,0.002254791431792559,0.0,1.0,0.0,0.0
638,signific,2,NN,0.002254791431792559,0.0,1.0,0.0,0.0
361,secondli,1,NNS,0.0011273957158962795,0.0,1.0,0.0,0.0
332,first,2,RB,0.002254791431792559,0.0,1.0,0.0,0.0
130,space,3,NN,0.0033821871476888386,0.0,1.0,0.0,0.0
624,astronom,3,JJ,0.0033821871476888386,0.0,1.0,0.0,0.0
558,term,1,NN,0.0011273957158962795,0.0,1.0,0.0,0.0
711,scientif,2,NN,0.002254791431792559,0.0,1.0,0.0,0.0
222,individu,1,NN,0.0011273957158962795,0.0,1.0,0.0,0.0
381,requir,1,NN,0.0011273957158962795,0.0,1.0,0.0,0.0
846,cool,1,NN,0.0011273957158962795,0.0,0.0,1.0,0.3182
507,yet,1,RB,0.0011273957158962795,0.0,1.0,0.0,0.0
424,clearer,1,NN,0.0011273957158962795,0.0,1.0,0.0,0.0
310,well-defin,1,JJ,0.0011273957158962795,0.0,1.0,0.0,0.0
0,sun,23,NN,0.02593010146561443,0.0,1.0,0.0,0.0
239,understand,5,NN,0.005636978579481398,0.0,1.0,0.0,0.0
814,1920,1,CD,0.0011273957158962795,0.0,1.0,0.0,0.0
782,data,1,NNS,0.0011273957158962795,0.0,1.0,0.0,0.0
65,one,6,CD,0.006764374295377677,0.0,1.0,0.0,0.0
279,distribut,2,NN,0.002254791431792559,0.0,1.0,0.0,0.0
13,part,1,NN,0.0011273957158962795,0.0,1.0,0.0,0.0
700,exist,1,NN,0.0011273957158962795,0.0,1.0,0.0,0.0
461,havent,1,NN,0.0011273957158962795,0.0,1.0,0.0,0.0
617,toward,2,IN,0.002254791431792559,0.0,1.0,0.0,0.0
328,made,1,VBD,0.0011273957158962795,0.0,1.0,0.0,0.0
368,meassur,3,NN,0.0033821871476888386,0.0,1.0,0.0,0.0
316,evolut,2,NN,0.002254791431792559,0.0,1.0,0.0,0.0
205,graviti,1,NN,0.0011273957158962795,0.0,1.0,0.0,0.0
35,orbit,20,NN,0.02254791431792559,0.0,1.0,0.0,0.0
385,correct,2,NN,0.002254791431792559,0.0,1.0,0.0,0.0
278,die,2,NN,0.002254791431792559,1.0,0.0,0.0,-0.5994
859,weaker,1,JJR,0.0011273957158962795,1.0,0.0,0.0,-0.4404
185,mass,1,NN,0.0011273957158962795,0.0,1.0,0.0,0.0
702,expert,1,JJ,0.0011273957158962795,0.0,1.0,0.0,0.0
465,doubt,1,NN,0.0011273957158962795,1.0,0.0,0.0,-0.3612
251,sens,3,VBZ,0.0033821871476888386,0.0,1.0,0.0,0.0
640,affect,1,VBP,0.0011273957158962795,0.0,1.0,0.0,0.0
99,see,2,VBP,0.002254791431792559,0.0,1.0,0.0,0.0
344,mili,1,JJ,0.0011273957158962795,0.0,1.0,0.0,0.0
383,thank,2,VBD,0.002254791431792559,0.0,0.0,1.0,0.3612
644,pull,1,NN,0.0011273957158962795,0.0,1.0,0.0,0.0
779,subject,1,JJ,0.0011273957158962795,0.0,1.0,0.0,0.0
481,milimetr,1,JJ,0.0011273957158962795,0.0,1.0,0.0,0.0
114,interact,4,NN,0.004509582863585118,0.0,1.0,0.0,0.0
204,influenc,2,JJ,0.002254791431792559,0.0,1.0,0.0,0.0
832,bang,1,NN,0.0011273957158962795,0.0,1.0,0.0,0.0
837,hot,1,JJ,0.0011273957158962795,0.0,1.0,0.0,0.0
237,order,3,NN,0.0033821871476888386,0.0,1.0,0.0,0.0
224,overal,4,JJ,0.004509582863585118,0.0,1.0,0.0,0.0
113,varieti,2,NN,0.002254791431792559,0.0,1.0,0.0,0.0
284,due,5,JJ,0.005636978579481398,0.0,1.0,0.0,0.0
445,mistaken,1,JJ,0.0011273957158962795,1.0,0.0,0.0,-0.3612
354,ergo,1,VBP,0.0011273957158962795,0.0,1.0,0.0,0.0
515,question,1,NN,0.0011273957158962795,0.0,1.0,0.0,0.0
302,gener,4,NN,0.004509582863585118,0.0,1.0,0.0,0.0
444,believ,2,VBZ,0.002254791431792559,0.0,1.0,0.0,0.0
351,milkyway,3,NN,0.0033821871476888386,0.0,1.0,0.0,0.0
38,instead,4,RB,0.004509582863585118,0.0,1.0,0.0,0.0
144,mission,1,NN,0.0011273957158962795,0.0,1.0,0.0,0.0
110,nasa,1,JJ,0.0011273957158962795,0.0,1.0,0.0,0.0
784,becom,3,VB,0.0033821871476888386,0.0,1.0,0.0,0.0
693,contribut,1,VBD,0.0011273957158962795,0.0,1.0,0.0,0.0
72,provid,3,VBP,0.0033821871476888386,0.0,1.0,0.0,0.0
143,gaia,1,JJ,0.0011273957158962795,0.0,1.0,0.0,0.0
495,technolog,1,NN,0.0011273957158962795,0.0,1.0,0.0,0.0
128,movement,1,NN,0.0011273957158962795,0.0,1.0,0.0,0.0
848,sinc,1,JJ,0.0011273957158962795,0.0,1.0,0.0,0.0
291,caus,8,NN,0.009019165727170236,0.0,1.0,0.0,0.0
831,big,1,JJ,0.0011273957158962795,0.0,1.0,0.0,0.0
260,forc,5,NN,0.005636978579481398,0.0,1.0,0.0,0.0
171,rotat,2,NN,0.002254791431792559,0.0,1.0,0.0,0.0
523,number,1,NN,0.0011273957158962795,0.0,0.0,1.0,0.0772
885,theoret,1,NN,0.0011273957158962795,0.0,1.0,0.0,0.0
146,high-precis,1,JJ,0.0011273957158962795,0.0,1.0,0.0,0.0
166,point,2,NN,0.002254791431792559,0.0,1.0,0.0,0.0
219,depend,1,VBP,0.0011273957158962795,0.0,1.0,0.0,0.0
78,locat,3,NN,0.0033821871476888386,0.0,1.0,0.0,0.0
69,ye,2,NN,0.002254791431792559,0.0,1.0,0.0,0.0
496,possibl,1,NN,0.0011273957158962795,0.0,1.0,0.0,0.0
483,valid,1,JJ,0.0011273957158962795,0.0,1.0,0.0,0.0
5,hole,12,NN,0.013528748590755355,0.0,1.0,0.0,0.0
317,may,4,MD,0.004509582863585118,0.0,1.0,0.0,0.0
131,includ,3,NN,0.0033821871476888386,0.0,1.0,0.0,0.0
880,properti,1,NN,0.0011273957158962795,0.0,1.0,0.0,0.0
677,ten,1,CD,0.0011273957158962795,0.0,1.0,0.0,0.0
703,physicist,2,NN,0.002254791431792559,0.0,1.0,0.0,0.0
59,take,2,VBP,0.002254791431792559,0.0,1.0,0.0,0.0
29,supermass,4,NN,0.004509582863585118,0.0,1.0,0.0,0.0
121,celesti,1,NN,0.0011273957158962795,0.0,1.0,0.0,0.0
117,system,3,NN,0.0033821871476888386,0.0,1.0,0.0,0.0
32,call,4,NN,0.004509582863585118,0.0,1.0,0.0,0.0
221,veloc,1,NN,0.0011273957158962795,0.0,1.0,0.0,0.0
340,said,1,VBD,0.0011273957158962795,0.0,1.0,0.0,0.0
828,accept,1,IN,0.0011273957158962795,0.0,0.0,1.0,0.3818
572,farther,1,RBR,0.0011273957158962795,0.0,1.0,0.0,0.0
455,would,1,MD,0.0011273957158962795,0.0,1.0,0.0,0.0
274,evolv,5,JJ,0.005636978579481398,0.0,1.0,0.0,0.0
321,current,4,JJ,0.004509582863585118,0.0,1.0,0.0,0.0
597,greater,1,JJR,0.0011273957158962795,0.0,0.0,1.0,0.3612
457,hundr,1,NN,0.0011273957158962795,0.0,1.0,0.0,0.0
770,note,1,NN,0.0011273957158962795,0.0,1.0,0.0,0.0
824,known,1,VBN,0.0011273957158962795,0.0,1.0,0.0,0.0
554,remain,1,VBP,0.0011273957158962795,0.0,1.0,0.0,0.0
138,addit,1,NN,0.0011273957158962795,0.0,1.0,0.0,0.0
16,galaxi,36,JJ,0.040586245772266064,0.0,1.0,0.0,0.0
421,measur,2,NN,0.002254791431792559,0.0,1.0,0.0,0.0
877,develop,1,NN,0.0011273957158962795,0.0,1.0,0.0,0.0
827,wide,1,JJ,0.0011273957158962795,0.0,1.0,0.0,0.0
505,detect,1,VB,0.0011273957158962795,0.0,1.0,0.0,0.0
329,two,1,CD,0.0011273957158962795,0.0,1.0,0.0,0.0
3,giant,4,JJ,0.004509582863585118,0.0,1.0,0.0,0.0
790,evid,1,NN,0.0011273957158962795,0.0,1.0,0.0,0.0
463,without,1,IN,0.0011273957158962795,0.0,1.0,0.0,0.0
58,km/,1,NNS,0.0011273957158962795,0.0,1.0,0.0,0.0
541,less,1,JJR,0.0011273957158962795,0.0,1.0,0.0,0.0
233,dynam,3,NN,0.0033821871476888386,0.0,1.0,0.0,0.0
212,matter,4,NN,0.004509582863585118,0.0,0.0,1.0,0.0258
866,might,1,MD,0.0011273957158962795,0.0,1.0,0.0,0.0
122,bodi,2,NN,0.002254791431792559,0.0,1.0,0.0,0.0
234,scientist,1,NN,0.0011273957158962795,0.0,1.0,0.0,0.0
95,posit,6,NN,0.006764374295377677,0.0,1.0,0.0,0.0
207,compon,3,NN,0.0033821871476888386,0.0,1.0,0.0,0.0
687,minor,1,JJ,0.0011273957158962795,0.0,1.0,0.0,0.0
201,galact,1,JJ,0.0011273957158962795,0.0,1.0,0.0,0.0
322,undergo,3,JJ,0.0033821871476888386,0.0,1.0,0.0,0.0
785,avail,1,NN,0.0011273957158962795,0.0,1.0,0.0,0.0
139,european,1,JJ,0.0011273957158962795,0.0,1.0,0.0,0.0
405,confus,2,NN,0.002254791431792559,0.0,1.0,0.0,0.0
575,talk,2,NN,0.002254791431792559,0.0,1.0,0.0,0.0
699,base,3,NN,0.0033821871476888386,0.0,1.0,0.0,0.0
836,began,1,VBD,0.0011273957158962795,0.0,1.0,0.0,0.0
819,us,1,PRP,0.0011273957158962795,0.0,1.0,0.0,0.0
164,particular,1,JJ,0.0011273957158962795,0.0,1.0,0.0,0.0
540,meter,1,NN,0.0011273957158962795,0.0,1.0,0.0,0.0
235,continu,1,NN,0.0011273957158962795,0.0,1.0,0.0,0.0
308,matur,1,NN,0.0011273957158962795,0.0,1.0,0.0,0.0
367,capabl,1,NN,0.0011273957158962795,0.0,1.0,0.0,0.0
865,slow,1,JJ,0.0011273957158962795,0.0,1.0,0.0,0.0
409,regard,1,VBP,0.0011273957158962795,0.0,1.0,0.0,0.0
671,percent,1,NN,0.0011273957158962795,0.0,1.0,0.0,0.0
847,ever,1,RB,0.0011273957158962795,0.0,1.0,0.0,0.0
380,inform,1,NN,0.0011273957158962795,0.0,1.0,0.0,0.0
818,away,1,RB,0.0011273957158962795,0.0,1.0,0.0,0.0
565,purpos,1,NN,0.0011273957158962795,0.0,1.0,0.0,0.0
211,dark,1,VBP,0.0011273957158962795,0.0,1.0,0.0,0.0
296,necessarili,2,JJ,0.002254791431792559,0.0,1.0,0.0,0.0
83,``,4,``,0.004509582863585118,0.0,1.0,0.0,0.0
287,effect,3,NN,0.0033821871476888386,0.0,1.0,0.0,0.0
433,still,3,RB,0.0033821871476888386,0.0,1.0,0.0,0.0
79,within,6,IN,0.006764374295377677,0.0,1.0,0.0,0.0
562,consid,2,NN,0.002254791431792559,0.0,1.0,0.0,0.0
197,move,4,VBP,0.004509582863585118,0.0,1.0,0.0,0.0
189,time,14,NN,0.015783540022547914,0.0,1.0,0.0,0.0
854,spread,1,VBP,0.0011273957158962795,0.0,1.0,0.0,0.0
98,also,4,RB,0.004509582863585118,0.0,1.0,0.0,0.0
238,better,1,RBR,0.0011273957158962795,0.0,0.0,1.0,0.4404
246,collaps,12,NNS,0.013528748590755355,0.0,1.0,0.0,0.0
232,structur,4,NN,0.004509582863585118,0.0,1.0,0.0,0.0
448,minut,1,NN,0.0011273957158962795,0.0,1.0,0.0,0.0
198,variou,7,RB,0.007891770011273957,0.0,1.0,0.0,0.0
798,ok,1,JJ,0.0011273957158962795,0.0,0.0,1.0,0.296
791,unlik,1,JJ,0.0011273957158962795,0.0,1.0,0.0,0.0
374,doesnt,1,NN,0.0011273957158962795,0.0,1.0,0.0,0.0
25,center,11,NN,0.012401352874859075,0.0,1.0,0.0,0.0
86,explor,2,NN,0.002254791431792559,0.0,1.0,0.0,0.0
331,convers,1,NNS,0.0011273957158962795,0.0,1.0,0.0,0.0
826,law,1,NN,0.0011273957158962795,0.0,1.0,0.0,0.0
821,proport,1,JJ,0.0011273957158962795,0.0,1.0,0.0,0.0
60,225-250,1,CD,0.0011273957158962795,0.0,1.0,0.0,0.0
649,orient,1,JJ,0.0011273957158962795,0.0,1.0,0.0,0.0
115,simul,2,VB,0.002254791431792559,0.0,1.0,0.0,0.0
218,vari,4,NN,0.004509582863585118,0.0,1.0,0.0,0.0
364,n't,2,RB,0.002254791431792559,0.0,1.0,0.0,0.0
485,small,3,JJ,0.0033821871476888386,0.0,1.0,0.0,0.0
547,thousand,2,CD,0.002254791431792559,0.0,1.0,0.0,0.0
324,expans,6,NNS,0.006764374295377677,0.0,1.0,0.0,0.0
333,ask,1,VBP,0.0011273957158962795,0.0,1.0,0.0,0.0
645,moon,1,NN,0.0011273957158962795,0.0,1.0,0.0,0.0
272,constantli,3,NN,0.0033821871476888386,0.0,1.0,0.0,0.0
214,exact,1,JJ,0.0011273957158962795,0.0,1.0,0.0,0.0
89,3d,1,CD,0.0011273957158962795,0.0,1.0,0.0,0.0
187,4,1,CD,0.0011273957158962795,0.0,0.0,0.0,0.0
423,techniqu,2,NN,0.002254791431792559,0.0,1.0,0.0,0.0
49,speed,2,NN,0.002254791431792559,0.0,1.0,0.0,0.0
542,occur,2,JJ,0.002254791431792559,0.0,1.0,0.0,0.0
881,behavior,1,NN,0.0011273957158962795,0.0,1.0,0.0,0.0
408,respons,4,NNS,0.004509582863585118,0.0,1.0,0.0,0.0
590,minimum,2,JJ,0.002254791431792559,0.0,1.0,0.0,0.0
706,like,1,IN,0.0011273957158962795,0.0,0.0,1.0,0.3612
363,assumpt,1,JJ,0.0011273957158962795,0.0,1.0,0.0,0.0
45,along,1,IN,0.0011273957158962795,0.0,1.0,0.0,0.0
781,new,1,JJ,0.0011273957158962795,0.0,1.0,0.0,0.0
70,mani,2,NN,0.002254791431792559,0.0,1.0,0.0,0.0
326,feedback,2,NN,0.002254791431792559,0.0,1.0,0.0,0.0
230,factor,5,NN,0.005636978579481398,0.0,1.0,0.0,0.0
871,topic,1,VBP,0.0011273957158962795,0.0,1.0,0.0,0.0
313,histori,1,JJ,0.0011273957158962795,0.0,1.0,0.0,0.0
264,balanc,2,NN,0.002254791431792559,0.0,1.0,0.0,0.0
307,stabl,2,NN,0.002254791431792559,0.0,1.0,0.0,0.0
566,past,2,IN,0.002254791431792559,0.0,1.0,0.0,0.0
107,anoth,1,DT,0.0011273957158962795,0.0,1.0,0.0,0.0
